Sentence,Head,Relation,Tail
"Architecturally, the school has a Catholic character",school,hasCharacter,Catholic character
Atop the Main Building's gold dome is a golden statue of the Virgin Mary,Virgin Mary,isLocatedAt,Main Building
Atop the Main Building's gold dome is a golden statue of the Virgin Mary,gold dome,isPartOf,Main Building
Atop the Main Building's gold dome is a golden statue of the Virgin Mary,golden statue,isLocatedAt,gold dome
Atop the Main Building's gold dome is a golden statue of the Virgin Mary,Virgin Mary,isRepresentedBy,golden statue
"Immediately in front of the Main Building and facing it, is a copper statue of Christ with arms upraised with the legend ""Venite Ad Me Omnes""",Christ,isDepictedIn,copper statue
"Immediately in front of the Main Building and facing it, is a copper statue of Christ with arms upraised with the legend ""Venite Ad Me Omnes""",copper statue,hasLegend,Venite Ad Me Omnes
"Immediately in front of the Main Building and facing it, is a copper statue of Christ with arms upraised with the legend ""Venite Ad Me Omnes""",copper statue,isLocated,Main Building
Next to the Main Building is the Basilica of the Sacred Heart,Basilica of the Sacred Heart,locatedNextTo,Main Building
"Immediately behind the basilica is the Grotto, a Marian place of prayer and reflection",Grotto,isLocatedBehind,basilica
"Immediately behind the basilica is the Grotto, a Marian place of prayer and reflection",Grotto,isDedicatedTo,Mary
"It is a replica of the grotto at Lourdes, France where the Virgin Mary reputedly appeared to Saint Bernadette Soubirous in 1858",Lourdes,isLocatedIn,France
"It is a replica of the grotto at Lourdes, France where the Virgin Mary reputedly appeared to Saint Bernadette Soubirous in 1858",Virgin Mary,appearedTo,Saint Bernadette Soubirous
"It is a replica of the grotto at Lourdes, France where the Virgin Mary reputedly appeared to Saint Bernadette Soubirous in 1858",Saint Bernadette Soubirous,livedIn,Lourdes
"It is a replica of the grotto at Lourdes, France where the Virgin Mary reputedly appeared to Saint Bernadette Soubirous in 1858",1858,isYearOf,Virgin Mary appeared to Saint Bernadette Soubirous
"At the end of the main drive (and in a direct line that connects through 3 statues and the Gold Dome), is a simple, modern stone statue of Mary.",Mary,isLocatedAt,Gold Dome
"As at most other universities, Notre Dame's students run a number of news media outlets",Notre Dame's students,run,news media outlets
"As at most other universities, Notre Dame's students run a number of news media outlets",Notre Dame,similarTo,other universities
"The nine student-run outlets include three newspapers, both a radio and television station, and several magazines and journals",nine student-run outlets,includes,three newspapers
"The nine student-run outlets include three newspapers, both a radio and television station, and several magazines and journals",nine student-run outlets,includes,a radio station
"The nine student-run outlets include three newspapers, both a radio and television station, and several magazines and journals",nine student-run outlets,includes,a television station
"The nine student-run outlets include three newspapers, both a radio and television station, and several magazines and journals",nine student-run outlets,includes,several magazines
"The nine student-run outlets include three newspapers, both a radio and television station, and several magazines and journals",nine student-run outlets,includes,several journals
"Begun as a one-page journal in September 1876, the Scholastic magazine is issued twice monthly and claims to be the oldest continuous collegiate publication in the United States",Scholastic magazine,isIssued,twice monthly
"Begun as a one-page journal in September 1876, the Scholastic magazine is issued twice monthly and claims to be the oldest continuous collegiate publication in the United States",Scholastic magazine,is,the oldest continuous collegiate publication in the United States
"Begun as a one-page journal in September 1876, the Scholastic magazine is issued twice monthly and claims to be the oldest continuous collegiate publication in the United States",Scholastic magazine,began,September 1876
"The other magazine, The Juggler, is released twice a year and focuses on student literature and artwork",The Juggler,isReleased,twice a year
"The other magazine, The Juggler, is released twice a year and focuses on student literature and artwork",The Juggler,focusesOn,student literature
"The other magazine, The Juggler, is released twice a year and focuses on student literature and artwork",The Juggler,focusesOn,artwork
The Dome yearbook is published annually,The Dome yearbook,isPublished,
The Dome yearbook is published annually,The Dome yearbook,hasFrequency,annually
"The newspapers have varying publication interests, with The Observer published daily and mainly reporting university and other news, and staffed by students from both Notre Dame and Saint Mary's College",The Observer,publishes,university news
"The newspapers have varying publication interests, with The Observer published daily and mainly reporting university and other news, and staffed by students from both Notre Dame and Saint Mary's College",The Observer,staffedBy,students
"The newspapers have varying publication interests, with The Observer published daily and mainly reporting university and other news, and staffed by students from both Notre Dame and Saint Mary's College",students,from,Notre Dame
"The newspapers have varying publication interests, with The Observer published daily and mainly reporting university and other news, and staffed by students from both Notre Dame and Saint Mary's College",students,from,Saint Mary's College
"Unlike Scholastic and The Dome, The Observer is an independent publication and does not have a faculty advisor or any editorial oversight from the University",The Observer,isIndependentFrom,University
"Unlike Scholastic and The Dome, The Observer is an independent publication and does not have a faculty advisor or any editorial oversight from the University",Scholastic,hasFacultyAdvisor,University
"Unlike Scholastic and The Dome, The Observer is an independent publication and does not have a faculty advisor or any editorial oversight from the University",The Dome,hasFacultyAdvisor,University
"In 1987, when some students believed that The Observer began to show a conservative bias, a liberal newspaper, Common Sense was published",The Observer,hasBias,conservative
"In 1987, when some students believed that The Observer began to show a conservative bias, a liberal newspaper, Common Sense was published",Common Sense,hasIdeology,liberal
"Likewise, in 2003, when other students believed that the paper showed a liberal bias, the conservative paper Irish Rover went into production",Irish Rover,isProduced,2003
"Neither paper is published as often as The Observer; however, all three are distributed to all students",The Observer,isComparedTo,Neither paper
"Finally, in Spring 2008 an undergraduate journal for political science research, Beyond Politics, made its debut.",Beyond Politics,wasFoundedIn,Spring 2008
"The university is the major seat of the Congregation of Holy Cross (albeit not its official headquarters, which are in Rome)",the university,isSeatOf,Congregation of Holy Cross
"The university is the major seat of the Congregation of Holy Cross (albeit not its official headquarters, which are in Rome)",Congregation of Holy Cross,hasHeadquarters,Rome
"Its main seminary, Moreau Seminary, is located on the campus across St",Moreau Seminary,isLocatedOn,campus
Joseph lake from the Main Building,Joseph,locatedIn,Main Building
"Old College, the oldest building on campus and located near the shore of St",Old College,locatedIn,campus
"Old College, the oldest building on campus and located near the shore of St",Old College,locatedNear,shore of St
"Mary lake, houses undergraduate seminarians",Mary lake,houses,undergraduate seminarians
"Retired priests and brothers reside in Fatima House (a former retreat center), Holy Cross House, as well as Columba Hall near the Grotto",Fatima House,isLocationOf,Retired priests and brothers
"Retired priests and brothers reside in Fatima House (a former retreat center), Holy Cross House, as well as Columba Hall near the Grotto",Holy Cross House,isLocationOf,Retired priests and brothers
"Retired priests and brothers reside in Fatima House (a former retreat center), Holy Cross House, as well as Columba Hall near the Grotto",Columba Hall,isLocationOf,Retired priests and brothers
"Retired priests and brothers reside in Fatima House (a former retreat center), Holy Cross House, as well as Columba Hall near the Grotto",Fatima House,isFormerly,retreat center
"Retired priests and brothers reside in Fatima House (a former retreat center), Holy Cross House, as well as Columba Hall near the Grotto",Columba Hall,isLocatedNear,Grotto
The university through the Moreau Seminary has ties to theologian Frederick Buechner,university,hasTies,Moreau Seminary
The university through the Moreau Seminary has ties to theologian Frederick Buechner,Moreau Seminary,hasTies,Frederick Buechner
"While not Catholic, Buechner has praised writers from Notre Dame and Moreau Seminary created a Buechner Prize for Preaching.",Buechner,praised,writers
"While not Catholic, Buechner has praised writers from Notre Dame and Moreau Seminary created a Buechner Prize for Preaching.",Notre Dame,created,Moreau Seminary
"While not Catholic, Buechner has praised writers from Notre Dame and Moreau Seminary created a Buechner Prize for Preaching.",Moreau Seminary,created,Buechner Prize
"While not Catholic, Buechner has praised writers from Notre Dame and Moreau Seminary created a Buechner Prize for Preaching.",Buechner Prize,isFor,Preaching
"The College of Engineering was established in 1920, however, early courses in civil and mechanical engineering were a part of the College of Science since the 1870s",College of Engineering,wasEstablished,1920
"The College of Engineering was established in 1920, however, early courses in civil and mechanical engineering were a part of the College of Science since the 1870s",College of Science,offered,civil engineering
"The College of Engineering was established in 1920, however, early courses in civil and mechanical engineering were a part of the College of Science since the 1870s",College of Science,offered,mechanical engineering
"The College of Engineering was established in 1920, however, early courses in civil and mechanical engineering were a part of the College of Science since the 1870s",civil engineering,wasPartOf,College of Science
"The College of Engineering was established in 1920, however, early courses in civil and mechanical engineering were a part of the College of Science since the 1870s",mechanical engineering,wasPartOf,College of Science
"Today the college, housed in the Fitzpatrick, Cushing, and Stinson-Remick Halls of Engineering, includes five departments of study – aerospace and mechanical engineering, chemical and biomolecular engineering, civil engineering and geological sciences, computer science and engineering, and electrical engineering – with eight B.S",Fitzpatrick,houses,college
"Today the college, housed in the Fitzpatrick, Cushing, and Stinson-Remick Halls of Engineering, includes five departments of study – aerospace and mechanical engineering, chemical and biomolecular engineering, civil engineering and geological sciences, computer science and engineering, and electrical engineering – with eight B.S",Cushing,houses,college
"Today the college, housed in the Fitzpatrick, Cushing, and Stinson-Remick Halls of Engineering, includes five departments of study – aerospace and mechanical engineering, chemical and biomolecular engineering, civil engineering and geological sciences, computer science and engineering, and electrical engineering – with eight B.S",Stinson-Remick Halls of Engineering,houses,college
"Today the college, housed in the Fitzpatrick, Cushing, and Stinson-Remick Halls of Engineering, includes five departments of study – aerospace and mechanical engineering, chemical and biomolecular engineering, civil engineering and geological sciences, computer science and engineering, and electrical engineering – with eight B.S",college,includes,aerospace and mechanical engineering
"Today the college, housed in the Fitzpatrick, Cushing, and Stinson-Remick Halls of Engineering, includes five departments of study – aerospace and mechanical engineering, chemical and biomolecular engineering, civil engineering and geological sciences, computer science and engineering, and electrical engineering – with eight B.S",college,includes,chemical and biomolecular engineering
"Today the college, housed in the Fitzpatrick, Cushing, and Stinson-Remick Halls of Engineering, includes five departments of study – aerospace and mechanical engineering, chemical and biomolecular engineering, civil engineering and geological sciences, computer science and engineering, and electrical engineering – with eight B.S",college,includes,civil engineering and geological sciences
"Today the college, housed in the Fitzpatrick, Cushing, and Stinson-Remick Halls of Engineering, includes five departments of study – aerospace and mechanical engineering, chemical and biomolecular engineering, civil engineering and geological sciences, computer science and engineering, and electrical engineering – with eight B.S",college,includes,computer science and engineering
"Today the college, housed in the Fitzpatrick, Cushing, and Stinson-Remick Halls of Engineering, includes five departments of study – aerospace and mechanical engineering, chemical and biomolecular engineering, civil engineering and geological sciences, computer science and engineering, and electrical engineering – with eight B.S",college,includes,electrical engineering
"Today the college, housed in the Fitzpatrick, Cushing, and Stinson-Remick Halls of Engineering, includes five departments of study – aerospace and mechanical engineering, chemical and biomolecular engineering, civil engineering and geological sciences, computer science and engineering, and electrical engineering – with eight B.S",aerospace and mechanical engineering,offers,B.S
"Today the college, housed in the Fitzpatrick, Cushing, and Stinson-Remick Halls of Engineering, includes five departments of study – aerospace and mechanical engineering, chemical and biomolecular engineering, civil engineering and geological sciences, computer science and engineering, and electrical engineering – with eight B.S",chemical and biomolecular engineering,offers,B.S
"Today the college, housed in the Fitzpatrick, Cushing, and Stinson-Remick Halls of Engineering, includes five departments of study – aerospace and mechanical engineering, chemical and biomolecular engineering, civil engineering and geological sciences, computer science and engineering, and electrical engineering – with eight B.S",civil engineering and geological sciences,offers,B.S
"Today the college, housed in the Fitzpatrick, Cushing, and Stinson-Remick Halls of Engineering, includes five departments of study – aerospace and mechanical engineering, chemical and biomolecular engineering, civil engineering and geological sciences, computer science and engineering, and electrical engineering – with eight B.S",computer science and engineering,offers,B.S
"Today the college, housed in the Fitzpatrick, Cushing, and Stinson-Remick Halls of Engineering, includes five departments of study – aerospace and mechanical engineering, chemical and biomolecular engineering, civil engineering and geological sciences, computer science and engineering, and electrical engineering – with eight B.S",electrical engineering,offers,B.S
"Additionally, the college offers five-year dual degree programs with the Colleges of Arts and Letters and of Business awarding additional B.A",the college,offers,five-year dual degree programs
"Additionally, the college offers five-year dual degree programs with the Colleges of Arts and Letters and of Business awarding additional B.A",five-year dual degree programs,isOfferedBy,the college
"Additionally, the college offers five-year dual degree programs with the Colleges of Arts and Letters and of Business awarding additional B.A",five-year dual degree programs,isWith,Colleges of Arts and Letters
"Additionally, the college offers five-year dual degree programs with the Colleges of Arts and Letters and of Business awarding additional B.A",five-year dual degree programs,isWith,Colleges of Business
"Additionally, the college offers five-year dual degree programs with the Colleges of Arts and Letters and of Business awarding additional B.A",Colleges of Arts and Letters,awards,B.A
"Additionally, the college offers five-year dual degree programs with the Colleges of Arts and Letters and of Business awarding additional B.A",Colleges of Business,awards,B.A
"and Master of Business Administration (MBA) degrees, respectively.",Master of Business Administration,isTypeOf,MBA
All of Notre Dame's undergraduate students are a part of one of the five undergraduate colleges at the school or are in the First Year of Studies program,Notre Dame,has,undergraduate colleges
All of Notre Dame's undergraduate students are a part of one of the five undergraduate colleges at the school or are in the First Year of Studies program,undergraduate students,partOf,undergraduate colleges
All of Notre Dame's undergraduate students are a part of one of the five undergraduate colleges at the school or are in the First Year of Studies program,undergraduate students,partOf,First Year of Studies program
The First Year of Studies program was established in 1962 to guide incoming freshmen in their first year at the school before they have declared a major,First Year of Studies program,wasEstablished,1962
The First Year of Studies program was established in 1962 to guide incoming freshmen in their first year at the school before they have declared a major,incoming freshmen,enrolledIn,school
Each student is given an academic advisor from the program who helps them to choose classes that give them exposure to any major in which they are interested,student,hasAdvisor,academic advisor
Each student is given an academic advisor from the program who helps them to choose classes that give them exposure to any major in which they are interested,academic advisor,helps,student
Each student is given an academic advisor from the program who helps them to choose classes that give them exposure to any major in which they are interested,academic advisor,helpsToChoose,classes
Each student is given an academic advisor from the program who helps them to choose classes that give them exposure to any major in which they are interested,classes,giveExposureTo,major
Each student is given an academic advisor from the program who helps them to choose classes that give them exposure to any major in which they are interested,student,isInterestedIn,major
"The program also includes a Learning Resource Center which provides time management, collaborative learning, and subject tutoring",The program,includes,Learning Resource Center
"The program also includes a Learning Resource Center which provides time management, collaborative learning, and subject tutoring",Learning Resource Center,provides,time management
"The program also includes a Learning Resource Center which provides time management, collaborative learning, and subject tutoring",Learning Resource Center,provides,collaborative learning
"The program also includes a Learning Resource Center which provides time management, collaborative learning, and subject tutoring",Learning Resource Center,provides,subject tutoring
"News & World Report, as outstanding.",News & World Report,isDescribedAs,outstanding
"The university first offered graduate degrees, in the form of a Master of Arts (MA), in the 1854–1855 academic year",university,offers,Master of Arts
"The university first offered graduate degrees, in the form of a Master of Arts (MA), in the 1854–1855 academic year",Master of Arts,offeredIn,1854–1855 academic year
"The program expanded to include Master of Laws (LL.M.) and Master of Civil Engineering in its early stages of growth, before a formal graduate school education was developed with a thesis not required to receive the degrees",Master of Laws (LL.M.),isIncludedIn,program
"The program expanded to include Master of Laws (LL.M.) and Master of Civil Engineering in its early stages of growth, before a formal graduate school education was developed with a thesis not required to receive the degrees",Master of Civil Engineering,isIncludedIn,program
"The program expanded to include Master of Laws (LL.M.) and Master of Civil Engineering in its early stages of growth, before a formal graduate school education was developed with a thesis not required to receive the degrees",program,hasStages,early stages of growth
"The program expanded to include Master of Laws (LL.M.) and Master of Civil Engineering in its early stages of growth, before a formal graduate school education was developed with a thesis not required to receive the degrees",graduate school education,wasDevelopedWith,thesis not required
"This changed in 1924 with formal requirements developed for graduate degrees, including offering Doctorate (PhD) degrees",1924,hasChange,formal requirements
"This changed in 1924 with formal requirements developed for graduate degrees, including offering Doctorate (PhD) degrees",graduate degrees,hasFormalRequirements,formal requirements
"This changed in 1924 with formal requirements developed for graduate degrees, including offering Doctorate (PhD) degrees",Doctorate,isTypeOf,graduate degrees
"This changed in 1924 with formal requirements developed for graduate degrees, including offering Doctorate (PhD) degrees",PhD,isAbbreviationOf,Doctorate
Today each of the five colleges offer graduate education,five colleges,offer,graduate education
"Most of the departments from the College of Arts and Letters offer PhD programs, while a professional Master of Divinity (M.Div.) program also exists",College of Arts and Letters,hasDepartments,departments
"Most of the departments from the College of Arts and Letters offer PhD programs, while a professional Master of Divinity (M.Div.) program also exists",departments,offer,PhD programs
"Most of the departments from the College of Arts and Letters offer PhD programs, while a professional Master of Divinity (M.Div.) program also exists",College of Arts and Letters,hasProgram,Master of Divinity (M.Div.) program
"All of the departments in the College of Science offer PhD programs, except for the Department of Pre-Professional Studies",Department of Pre-Professional Studies,doesNotOffer,PhD programs
"All of the departments in the College of Science offer PhD programs, except for the Department of Pre-Professional Studies",College of Science,hasDepartments,departments
"The School of Architecture offers a Master of Architecture, while each of the departments of the College of Engineering offer PhD programs",School of Architecture,offers,Master of Architecture
"The School of Architecture offers a Master of Architecture, while each of the departments of the College of Engineering offer PhD programs",College of Engineering,offers,PhD programs
The College of Business offers multiple professional programs including MBA and Master of Science in Accountancy programs,College of Business,offers,MBA
The College of Business offers multiple professional programs including MBA and Master of Science in Accountancy programs,College of Business,offers,Master of Science in Accountancy
It also operates facilities in Chicago and Cincinnati for its executive MBA program,Chicago,operatesIn,executive MBA program
It also operates facilities in Chicago and Cincinnati for its executive MBA program,Cincinnati,operatesIn,executive MBA program
"Additionally, the Alliance for Catholic Education program offers a Master of Education program where students study at the university during the summer and teach in Catholic elementary schools, middle schools, and high schools across the Southern United States for two school years.",Alliance for Catholic Education,offers,Master of Education
"Additionally, the Alliance for Catholic Education program offers a Master of Education program where students study at the university during the summer and teach in Catholic elementary schools, middle schools, and high schools across the Southern United States for two school years.",students,studyAt,university
"Additionally, the Alliance for Catholic Education program offers a Master of Education program where students study at the university during the summer and teach in Catholic elementary schools, middle schools, and high schools across the Southern United States for two school years.",students,teachAt,Catholic elementary schools
"Additionally, the Alliance for Catholic Education program offers a Master of Education program where students study at the university during the summer and teach in Catholic elementary schools, middle schools, and high schools across the Southern United States for two school years.",students,teachAt,middle schools
"Additionally, the Alliance for Catholic Education program offers a Master of Education program where students study at the university during the summer and teach in Catholic elementary schools, middle schools, and high schools across the Southern United States for two school years.",students,teachAt,high schools
"Additionally, the Alliance for Catholic Education program offers a Master of Education program where students study at the university during the summer and teach in Catholic elementary schools, middle schools, and high schools across the Southern United States for two school years.",students,areLocatedIn,Southern United States
The Joan B,Joan B,undefined,
"Kroc Institute for International Peace Studies at the University of Notre Dame is dedicated to research, education and outreach on the causes of violent conflict and the conditions for sustainable peace",Kroc Institute for International Peace Studies,isLocatedAt,University of Notre Dame
"Kroc Institute for International Peace Studies at the University of Notre Dame is dedicated to research, education and outreach on the causes of violent conflict and the conditions for sustainable peace",Kroc Institute for International Peace Studies,conducts,research
"Kroc Institute for International Peace Studies at the University of Notre Dame is dedicated to research, education and outreach on the causes of violent conflict and the conditions for sustainable peace",Kroc Institute for International Peace Studies,conducts,education
"Kroc Institute for International Peace Studies at the University of Notre Dame is dedicated to research, education and outreach on the causes of violent conflict and the conditions for sustainable peace",Kroc Institute for International Peace Studies,conducts,outreach
"Kroc Institute for International Peace Studies at the University of Notre Dame is dedicated to research, education and outreach on the causes of violent conflict and the conditions for sustainable peace",violent conflict,isCausedBy,causes
"Kroc Institute for International Peace Studies at the University of Notre Dame is dedicated to research, education and outreach on the causes of violent conflict and the conditions for sustainable peace",sustainable peace,isConditionFor,conditions
"It offers PhD, Master's, and undergraduate degrees in peace studies",peace studies,hasDegree,PhD
"It offers PhD, Master's, and undergraduate degrees in peace studies",peace studies,hasDegree,Master's
"It offers PhD, Master's, and undergraduate degrees in peace studies",peace studies,hasDegree,undergraduate degrees
It was founded in 1986 through the donations of Joan B,Joan B,founded,it
"Kroc, the widow of McDonald's owner Ray Kroc",Kroc,isWidowOf,Ray Kroc
"Kroc, the widow of McDonald's owner Ray Kroc",Ray Kroc,owns,McDonald's
The institute was inspired by the vision of the Rev,The institute,wasInspiredBy,the vision of the Rev
"Hesburgh CSC, President Emeritus of the University of Notre Dame",Hesburgh,isPresidentOf,University of Notre Dame
The institute has contributed to international policy discussions about peace building practices.,The institute,hasContribution,international policy discussions
The institute has contributed to international policy discussions about peace building practices.,international policy discussions,isAbout,peace building practices
The library system of the university is divided between the main library and each of the colleges and schools,library system,isDividedInto,main library
The library system of the university is divided between the main library and each of the colleges and schools,library system,isDividedInto,colleges and schools
The main building is the 14-story Theodore M,Theodore M,is,main building
"Hesburgh Library, completed in 1963, which is the third building to house the main collection of books",Hesburgh Library,completedIn,1963
"Hesburgh Library, completed in 1963, which is the third building to house the main collection of books",Hesburgh Library,houses,main collection of books
The front of the library is adorned with the Word of Life mural designed by artist Millard Sheets,Word of Life mural,wasDesignedBy,Millard Sheets
The front of the library is adorned with the Word of Life mural designed by artist Millard Sheets,Millard Sheets,designed,Word of Life mural
The front of the library is adorned with the Word of Life mural designed by artist Millard Sheets,the front of the library,isAdornedWith,Word of Life mural
"This mural is popularly known as ""Touchdown Jesus"" because of its proximity to Notre Dame Stadium and Jesus' arms appearing to make the signal for a touchdown.",Touchdown Jesus,isLocatedNear,Notre Dame Stadium
"This mural is popularly known as ""Touchdown Jesus"" because of its proximity to Notre Dame Stadium and Jesus' arms appearing to make the signal for a touchdown.",Jesus,makesSignal,touchdown
"Notre Dame is known for its competitive admissions, with the incoming class enrolling in fall 2015 admitting 3,577 from a pool of 18,156 (19.7%)",Notre Dame,isKnownFor,competitive admissions
"Notre Dame is known for its competitive admissions, with the incoming class enrolling in fall 2015 admitting 3,577 from a pool of 18,156 (19.7%)",incoming class,enrollsIn,fall 2015
"Notre Dame is known for its competitive admissions, with the incoming class enrolling in fall 2015 admitting 3,577 from a pool of 18,156 (19.7%)",incoming class,admits,"3,577"
"Notre Dame is known for its competitive admissions, with the incoming class enrolling in fall 2015 admitting 3,577 from a pool of 18,156 (19.7%)",incoming class,selectsFrom,"18,156"
"Notre Dame is known for its competitive admissions, with the incoming class enrolling in fall 2015 admitting 3,577 from a pool of 18,156 (19.7%)",incoming class,hasAcceptanceRate,19.7%
The academic profile of the enrolled class continues to rate among the top 10 to 15 in the nation for national research universities,enrolled class,ratedAmong,top 10 to 15
The academic profile of the enrolled class continues to rate among the top 10 to 15 in the nation for national research universities,enrolled class,isTypeOf,national research universities
The university practices a non-restrictive early action policy that allows admitted students to consider admission to Notre Dame as well as any other colleges to which they were accepted,university,practices,non-restrictive early action policy
The university practices a non-restrictive early action policy that allows admitted students to consider admission to Notre Dame as well as any other colleges to which they were accepted,admitted students,consider admission to,Notre Dame
The university practices a non-restrictive early action policy that allows admitted students to consider admission to Notre Dame as well as any other colleges to which they were accepted,admitted students,consider admission to,other colleges
"1,400 of the 3,577 (39.1%) were admitted under the early action plan","1,400",isPartOf,"3,577"
"1,400 of the 3,577 (39.1%) were admitted under the early action plan","1,400",admittedUnder,early action plan
"Admitted students came from 1,311 high schools and the average student traveled more than 750 miles to Notre Dame, making it arguably the most representative university in the United States",Notre Dame,hasStudentsFrom,"1,311 high schools"
"Admitted students came from 1,311 high schools and the average student traveled more than 750 miles to Notre Dame, making it arguably the most representative university in the United States",students,traveled,750 miles
"Admitted students came from 1,311 high schools and the average student traveled more than 750 miles to Notre Dame, making it arguably the most representative university in the United States",Notre Dame,isLocatedIn,United States
"While all entering students begin in the College of the First Year of Studies, 25% have indicated they plan to study in the liberal arts or social sciences, 24% in engineering, 24% in business, 24% in science, and 3% in architecture.",College of the First Year of Studies,hasStudent,students
"While all entering students begin in the College of the First Year of Studies, 25% have indicated they plan to study in the liberal arts or social sciences, 24% in engineering, 24% in business, 24% in science, and 3% in architecture.",students,studyIn,liberal arts or social sciences
"While all entering students begin in the College of the First Year of Studies, 25% have indicated they plan to study in the liberal arts or social sciences, 24% in engineering, 24% in business, 24% in science, and 3% in architecture.",students,studyIn,engineering
"While all entering students begin in the College of the First Year of Studies, 25% have indicated they plan to study in the liberal arts or social sciences, 24% in engineering, 24% in business, 24% in science, and 3% in architecture.",students,studyIn,business
"While all entering students begin in the College of the First Year of Studies, 25% have indicated they plan to study in the liberal arts or social sciences, 24% in engineering, 24% in business, 24% in science, and 3% in architecture.",students,studyIn,science
"While all entering students begin in the College of the First Year of Studies, 25% have indicated they plan to study in the liberal arts or social sciences, 24% in engineering, 24% in business, 24% in science, and 3% in architecture.",students,studyIn,architecture
"In 2015-2016, Notre Dame ranked 18th overall among ""national universities"" in the United States in U.S",Notre Dame,ranked,18th
"In 2015-2016, Notre Dame ranked 18th overall among ""national universities"" in the United States in U.S",Notre Dame,locatedIn,United States
"In 2014, USA Today ranked Notre Dame 10th overall for American universities based on data from College Factual",Notre Dame,rankedBy,USA Today
"In 2014, USA Today ranked Notre Dame 10th overall for American universities based on data from College Factual",USA Today,usesDataFrom,College Factual
"In 2014, USA Today ranked Notre Dame 10th overall for American universities based on data from College Factual",College Factual,providesDataFor,Notre Dame
"In 2014, USA Today ranked Notre Dame 10th overall for American universities based on data from College Factual",Notre Dame,hasRanking,10th
"Forbes.com's America's Best Colleges ranks Notre Dame 13th among colleges in the United States in 2015, 8th among Research Universities, and 1st in the Midwest",Notre Dame,ranked,13th
"Forbes.com's America's Best Colleges ranks Notre Dame 13th among colleges in the United States in 2015, 8th among Research Universities, and 1st in the Midwest",Notre Dame,ranked,8th
"Forbes.com's America's Best Colleges ranks Notre Dame 13th among colleges in the United States in 2015, 8th among Research Universities, and 1st in the Midwest",Notre Dame,located,Midwest
"Forbes.com's America's Best Colleges ranks Notre Dame 13th among colleges in the United States in 2015, 8th among Research Universities, and 1st in the Midwest",Forbes.com,published,America's Best Colleges
News & World Report also lists Notre Dame Law School as 22nd overall,Notre Dame Law School,rankedAs,22nd
News & World Report also lists Notre Dame Law School as 22nd overall,News & World Report,lists,Notre Dame Law School
BusinessWeek ranks Mendoza College of Business undergraduate school as 1st overall,Mendoza College of Business,rankedBy,BusinessWeek
BusinessWeek ranks Mendoza College of Business undergraduate school as 1st overall,Mendoza College of Business,hasRanking,1st
It ranks the MBA program as 20th overall,MBA program,rankedAs,20th overall
"The Philosophical Gourmet Report ranks Notre Dame's graduate philosophy program as 15th nationally, while ARCHITECT Magazine ranked the undergraduate architecture program as 12th nationally",Notre Dame,hasRanking,15th nationally
"The Philosophical Gourmet Report ranks Notre Dame's graduate philosophy program as 15th nationally, while ARCHITECT Magazine ranked the undergraduate architecture program as 12th nationally",Notre Dame,hasProgram,graduate philosophy program
"The Philosophical Gourmet Report ranks Notre Dame's graduate philosophy program as 15th nationally, while ARCHITECT Magazine ranked the undergraduate architecture program as 12th nationally",ARCHITECT Magazine,ranked,undergraduate architecture program
"The Philosophical Gourmet Report ranks Notre Dame's graduate philosophy program as 15th nationally, while ARCHITECT Magazine ranked the undergraduate architecture program as 12th nationally",undergraduate architecture program,hasRanking,12th nationally
"Additionally, the study abroad program ranks sixth in highest participation percentage in the nation, with 57.6% of students choosing to study abroad in 17 countries",study abroad program,ranks,sixth
"Additionally, the study abroad program ranks sixth in highest participation percentage in the nation, with 57.6% of students choosing to study abroad in 17 countries",study abroad program,hasParticipationPercentage,57.6%
"Additionally, the study abroad program ranks sixth in highest participation percentage in the nation, with 57.6% of students choosing to study abroad in 17 countries",students,chooseTo,study abroad
"Additionally, the study abroad program ranks sixth in highest participation percentage in the nation, with 57.6% of students choosing to study abroad in 17 countries",students,studyIn,17 countries
"According to payscale.com, undergraduate alumni of University of Notre Dame have a mid-career median salary $110,000, making it the 24th highest among colleges and universities in the United States",University of Notre Dame,hasMedianSalary,"$110,000"
"According to payscale.com, undergraduate alumni of University of Notre Dame have a mid-career median salary $110,000, making it the 24th highest among colleges and universities in the United States",University of Notre Dame,ranked,24
"According to payscale.com, undergraduate alumni of University of Notre Dame have a mid-career median salary $110,000, making it the 24th highest among colleges and universities in the United States",University of Notre Dame,locatedIn,United States
"The median starting salary of $55,300 ranked 58th in the same peer group.",median starting salary,hasRank,58th
"The median starting salary of $55,300 ranked 58th in the same peer group.",Peer group,includes,median starting salary
"Father Joseph Carrier, C.S.C",Joseph Carrier,memberOf,C.S.C
was Director of the Science Museum and the Library and Professor of Chemistry and Physics until 1874,the Science Museum,employs,Director
was Director of the Science Museum and the Library and Professor of Chemistry and Physics until 1874,the Library,employs,Director
was Director of the Science Museum and the Library and Professor of Chemistry and Physics until 1874,Director,isProfessorOf,Chemistry
was Director of the Science Museum and the Library and Professor of Chemistry and Physics until 1874,Director,isProfessorOf,Physics
was Director of the Science Museum and the Library and Professor of Chemistry and Physics until 1874,Director,until,1874
Carrier taught that scientific research and its promise for progress were not antagonistic to the ideals of intellectual and moral culture endorsed by the Church,Carrier,taught,scientific research
Carrier taught that scientific research and its promise for progress were not antagonistic to the ideals of intellectual and moral culture endorsed by the Church,scientific research,hasPromise,progress
Carrier taught that scientific research and its promise for progress were not antagonistic to the ideals of intellectual and moral culture endorsed by the Church,progress,isNotAntagonisticTo,ideals of intellectual and moral culture
Carrier taught that scientific research and its promise for progress were not antagonistic to the ideals of intellectual and moral culture endorsed by the Church,ideals of intellectual and moral culture,isEndorsedBy,the Church
One of Carrier's students was Father John Augustine Zahm (1851–1921) who was made Professor and Co-Director of the Science Department at age 23 and by 1900 was a nationally prominent scientist and naturalist,Father John Augustine Zahm,wasStudentOf,Carrier
One of Carrier's students was Father John Augustine Zahm (1851–1921) who was made Professor and Co-Director of the Science Department at age 23 and by 1900 was a nationally prominent scientist and naturalist,Father John Augustine Zahm,wasProfessorAt,Science Department
One of Carrier's students was Father John Augustine Zahm (1851–1921) who was made Professor and Co-Director of the Science Department at age 23 and by 1900 was a nationally prominent scientist and naturalist,Father John Augustine Zahm,wasCoDirectorOf,Science Department
One of Carrier's students was Father John Augustine Zahm (1851–1921) who was made Professor and Co-Director of the Science Department at age 23 and by 1900 was a nationally prominent scientist and naturalist,Father John Augustine Zahm,was,nationally prominent scientist and naturalist
"Zahm was active in the Catholic Summer School movement, which introduced Catholic laity to contemporary intellectual issues",Zahm,wasActiveIn,Catholic Summer School movement
"Zahm was active in the Catholic Summer School movement, which introduced Catholic laity to contemporary intellectual issues",Catholic Summer School movement,introduced,Catholic laity
"Zahm was active in the Catholic Summer School movement, which introduced Catholic laity to contemporary intellectual issues",Catholic laity,to,contemporary intellectual issues
"His book Evolution and Dogma (1896) defended certain aspects of evolutionary theory as true, and argued, moreover, that even the great Church teachers Thomas Aquinas and Augustine taught something like it",Evolution and Dogma,writtenBy,
"His book Evolution and Dogma (1896) defended certain aspects of evolutionary theory as true, and argued, moreover, that even the great Church teachers Thomas Aquinas and Augustine taught something like it",Thomas Aquinas,taught,evolutionary theory
"His book Evolution and Dogma (1896) defended certain aspects of evolutionary theory as true, and argued, moreover, that even the great Church teachers Thomas Aquinas and Augustine taught something like it",Augustine,taught,evolutionary theory
The intervention of Irish American Catholics in Rome prevented Zahm's censure by the Vatican,Irish American Catholics,intervenedIn,Rome
The intervention of Irish American Catholics in Rome prevented Zahm's censure by the Vatican,Zahm,wasCensuredBy,the Vatican
"In 1913, Zahm and former President Theodore Roosevelt embarked on a major expedition through the Amazon.",Zahm,embarkedOn,expedition
"In 1913, Zahm and former President Theodore Roosevelt embarked on a major expedition through the Amazon.",Theodore Roosevelt,embarkedOn,expedition
"In 1913, Zahm and former President Theodore Roosevelt embarked on a major expedition through the Amazon.",expedition,through,Amazon
"In 1882, Albert Zahm (John Zahm's brother) built an early wind tunnel used to compare lift to drag of aeronautical models",Albert Zahm,built,wind tunnel
"In 1882, Albert Zahm (John Zahm's brother) built an early wind tunnel used to compare lift to drag of aeronautical models",Albert Zahm,isBrotherOf,John Zahm
"In 1882, Albert Zahm (John Zahm's brother) built an early wind tunnel used to compare lift to drag of aeronautical models",wind tunnel,usedFor,comparing lift to drag
"Around 1899, Professor Jerome Green became the first American to send a wireless message",Jerome Green,became,first American
"Around 1899, Professor Jerome Green became the first American to send a wireless message",Jerome Green,sent,wireless message
"In 1931, Father Julius Nieuwland performed early work on basic reactions that was used to create neoprene",Julius Nieuwland,performedWorkOn,basic reactions
"In 1931, Father Julius Nieuwland performed early work on basic reactions that was used to create neoprene",basic reactions,usedToCreate,neoprene
"Study of nuclear physics at the university began with the building of a nuclear accelerator in 1936, and continues now partly through a partnership in the Joint Institute for Nuclear Astrophysics.",nuclear physics,isStudiedAt,university
"Study of nuclear physics at the university began with the building of a nuclear accelerator in 1936, and continues now partly through a partnership in the Joint Institute for Nuclear Astrophysics.",nuclear accelerator,isBuiltIn,1936
"Study of nuclear physics at the university began with the building of a nuclear accelerator in 1936, and continues now partly through a partnership in the Joint Institute for Nuclear Astrophysics.",Joint Institute for Nuclear Astrophysics,isPartnerOf,university
The Lobund Institute grew out of pioneering research in germ-free-life which began in 1928,The Lobund Institute,grewOut,research in germ-free-life
The Lobund Institute grew out of pioneering research in germ-free-life which began in 1928,research in germ-free-life,beganIn,1928
This area of research originated in a question posed by Pasteur as to whether animal life was possible without bacteria,Pasteur,posed,question
"Though others had taken up this idea, their research was short lived and inconclusive",others,conductedResearch,this idea
"Lobund was the first research organization to answer definitively, that such life is possible and that it can be prolonged through generations",Lobund,answer,life is possible
"Lobund was the first research organization to answer definitively, that such life is possible and that it can be prolonged through generations",Lobund,study,generations
But the objective was not merely to answer Pasteur's question but also to produce the germ free animal as a new tool for biological and medical research,Pasteur,asked,question
But the objective was not merely to answer Pasteur's question but also to produce the germ free animal as a new tool for biological and medical research,animal,isToolFor,biological and medical research
This objective was reached and for years Lobund was a unique center for the study and production of germ free animals and for their use in biological and medical investigations,Lobund,isLocationFor,study
This objective was reached and for years Lobund was a unique center for the study and production of germ free animals and for their use in biological and medical investigations,Lobund,isLocationFor,production
This objective was reached and for years Lobund was a unique center for the study and production of germ free animals and for their use in biological and medical investigations,Lobund,isLocationFor,germ free animals
This objective was reached and for years Lobund was a unique center for the study and production of germ free animals and for their use in biological and medical investigations,germ free animals,areUsedIn,biological investigations
This objective was reached and for years Lobund was a unique center for the study and production of germ free animals and for their use in biological and medical investigations,germ free animals,areUsedIn,medical investigations
In the beginning it was under the Department of Biology and a program leading to the master's degree accompanied the research program,Department of Biology,hasProgram,program leading to the master's degree
In the 1940s Lobund achieved independent status as a purely research organization and in 1950 was raised to the status of an Institute,Lobund,hasStatus,independent status
In the 1940s Lobund achieved independent status as a purely research organization and in 1950 was raised to the status of an Institute,Lobund,hasStatus,Institute
"In 1958 it was brought back into the Department of Biology as integral part of that department, but with its own program leading to the degree of PhD in Gnotobiotics.",Department of Biology,hasPart,program
"In 1958 it was brought back into the Department of Biology as integral part of that department, but with its own program leading to the degree of PhD in Gnotobiotics.",program,leadsTo,PhD in Gnotobiotics
"The Review of Politics was founded in 1939 by Gurian, modeled after German Catholic journals",The Review of Politics,wasFoundedBy,Gurian
"The Review of Politics was founded in 1939 by Gurian, modeled after German Catholic journals",The Review of Politics,wasModeledAfter,German Catholic journals
"It quickly emerged as part of an international Catholic intellectual revival, offering an alternative vision to positivist philosophy",Catholic intellectual revival,isPartOf,international
"It quickly emerged as part of an international Catholic intellectual revival, offering an alternative vision to positivist philosophy",Catholic intellectual revival,offers,alternative vision
"It quickly emerged as part of an international Catholic intellectual revival, offering an alternative vision to positivist philosophy",alternative vision,isAlternativeTo,positivist philosophy
"For 44 years, the Review was edited by Gurian, Matthew Fitzsimons, Frederick Crosson, and Thomas Stritch",Review,editedBy,Gurian
"For 44 years, the Review was edited by Gurian, Matthew Fitzsimons, Frederick Crosson, and Thomas Stritch",Review,editedBy,Matthew Fitzsimons
"For 44 years, the Review was edited by Gurian, Matthew Fitzsimons, Frederick Crosson, and Thomas Stritch",Review,editedBy,Frederick Crosson
"For 44 years, the Review was edited by Gurian, Matthew Fitzsimons, Frederick Crosson, and Thomas Stritch",Review,editedBy,Thomas Stritch
"Intellectual leaders included Gurian, Jacques Maritain, Frank O'Malley, Leo Richard Ward, F",Gurian,isLeaderOf,Intellectual
"Intellectual leaders included Gurian, Jacques Maritain, Frank O'Malley, Leo Richard Ward, F",Jacques Maritain,isLeaderOf,Intellectual
"Intellectual leaders included Gurian, Jacques Maritain, Frank O'Malley, Leo Richard Ward, F",Frank O'Malley,isLeaderOf,Intellectual
"Intellectual leaders included Gurian, Jacques Maritain, Frank O'Malley, Leo Richard Ward, F",Leo Richard Ward,isLeaderOf,Intellectual
"Intellectual leaders included Gurian, Jacques Maritain, Frank O'Malley, Leo Richard Ward, F",F,isLeaderOf,Intellectual
"It became a major forum for political ideas and modern political concerns, especially from a Catholic and scholastic tradition.",forum,isAbout,political ideas
"It became a major forum for political ideas and modern political concerns, especially from a Catholic and scholastic tradition.",forum,isAbout,modern political concerns
"It became a major forum for political ideas and modern political concerns, especially from a Catholic and scholastic tradition.",forum,hasTradition,Catholic
"It became a major forum for political ideas and modern political concerns, especially from a Catholic and scholastic tradition.",forum,hasTradition,scholastic
As of 2012[update] research continued in many fields,research,continuedIn,2012
"The university president, John Jenkins, described his hope that Notre Dame would become ""one of the pre–eminent research institutions in the world"" in his inaugural address",John Jenkins,isPresidentOf,Notre Dame
"The university president, John Jenkins, described his hope that Notre Dame would become ""one of the pre–eminent research institutions in the world"" in his inaugural address",Notre Dame,hasGoal,become one of the pre–eminent research institutions in the world
"The university has many multi-disciplinary institutes devoted to research in varying fields, including the Medieval Institute, the Kellogg Institute for International Studies, the Kroc Institute for International Peace studies, and the Center for Social Concerns",Medieval Institute,isPartOf,university
"The university has many multi-disciplinary institutes devoted to research in varying fields, including the Medieval Institute, the Kellogg Institute for International Studies, the Kroc Institute for International Peace studies, and the Center for Social Concerns",Kellogg Institute for International Studies,isPartOf,university
"The university has many multi-disciplinary institutes devoted to research in varying fields, including the Medieval Institute, the Kellogg Institute for International Studies, the Kroc Institute for International Peace studies, and the Center for Social Concerns",Kroc Institute for International Peace studies,isPartOf,university
"The university has many multi-disciplinary institutes devoted to research in varying fields, including the Medieval Institute, the Kellogg Institute for International Studies, the Kroc Institute for International Peace studies, and the Center for Social Concerns",Center for Social Concerns,isPartOf,university
"Recent research includes work on family conflict and child development, genome mapping, the increasing trade deficit of the United States with China, studies in fluid mechanics, computational science and engineering, and marketing trends on the Internet",family conflict,relatedTo,child development
"Recent research includes work on family conflict and child development, genome mapping, the increasing trade deficit of the United States with China, studies in fluid mechanics, computational science and engineering, and marketing trends on the Internet",United States,hasTradeDeficitWith,China
"Recent research includes work on family conflict and child development, genome mapping, the increasing trade deficit of the United States with China, studies in fluid mechanics, computational science and engineering, and marketing trends on the Internet",fluid mechanics,isPartOf,computational science and engineering
"Recent research includes work on family conflict and child development, genome mapping, the increasing trade deficit of the United States with China, studies in fluid mechanics, computational science and engineering, and marketing trends on the Internet",marketing trends,isAvailableOn,Internet
"As of 2013, the university is home to the Notre Dame Global Adaptation Index which ranks countries annually based on how vulnerable they are to climate change and how prepared they are to adapt.",Notre Dame Global Adaptation Index,isLocatedAt,university
"As of 2013, the university is home to the Notre Dame Global Adaptation Index which ranks countries annually based on how vulnerable they are to climate change and how prepared they are to adapt.",countries,areRankedBy,Notre Dame Global Adaptation Index
"As of 2013, the university is home to the Notre Dame Global Adaptation Index which ranks countries annually based on how vulnerable they are to climate change and how prepared they are to adapt.",countries,haveVulnerabilityTo,climate change
"As of 2013, the university is home to the Notre Dame Global Adaptation Index which ranks countries annually based on how vulnerable they are to climate change and how prepared they are to adapt.",countries,havePreparationFor,adapt
"In 2014 the Notre Dame student body consisted of 12,179 students, with 8,448 undergraduates, 2,138 graduate and professional and 1,593 professional (Law, M.Div., Business, M.Ed.) students",Notre Dame,hasStudentBody,"12,179 students"
"In 2014 the Notre Dame student body consisted of 12,179 students, with 8,448 undergraduates, 2,138 graduate and professional and 1,593 professional (Law, M.Div., Business, M.Ed.) students",Notre Dame,hasUndergraduates,"8,448 undergraduates"
"In 2014 the Notre Dame student body consisted of 12,179 students, with 8,448 undergraduates, 2,138 graduate and professional and 1,593 professional (Law, M.Div., Business, M.Ed.) students",Notre Dame,hasGraduateAndProfessionalStudents,"2,138 graduate and professional students"
"In 2014 the Notre Dame student body consisted of 12,179 students, with 8,448 undergraduates, 2,138 graduate and professional and 1,593 professional (Law, M.Div., Business, M.Ed.) students",Notre Dame,hasProfessionalStudents,"1,593 professional students"
"Around 21–24% of students are children of alumni, and although 37% of students come from the Midwestern United States, the student body represents all 50 states and 100 countries",students,areChildrenOf,alumni
"Around 21–24% of students are children of alumni, and although 37% of students come from the Midwestern United States, the student body represents all 50 states and 100 countries",students,comeFrom,Midwestern United States
"Around 21–24% of students are children of alumni, and although 37% of students come from the Midwestern United States, the student body represents all 50 states and 100 countries",student body,represents,all 50 states
"Around 21–24% of students are children of alumni, and although 37% of students come from the Midwestern United States, the student body represents all 50 states and 100 countries",student body,represents,100 countries
As of March 2007[update] The Princeton Review ranked the school as the fifth highest 'dream school' for parents to send their children,The Princeton Review,ranked,school
As of March 2007[update] The Princeton Review ranked the school as the fifth highest 'dream school' for parents to send their children,school,isDreamSchoolFor,parents
As of March 2015[update] The Princeton Review ranked Notre Dame as the ninth highest,Notre Dame,rankedBy,The Princeton Review
"The school has been previously criticized for its lack of diversity, and The Princeton Review ranks the university highly among schools at which ""Alternative Lifestyles [are] Not an Alternative."" It has also been commended by some diversity oriented publications; Hispanic Magazine in 2004 ranked the university ninth on its list of the top–25 colleges for Latinos, and The Journal of Blacks in Higher Education recognized the university in 2006 for raising enrollment of African-American students",The Princeton Review,ranks,the university
"The school has been previously criticized for its lack of diversity, and The Princeton Review ranks the university highly among schools at which ""Alternative Lifestyles [are] Not an Alternative."" It has also been commended by some diversity oriented publications; Hispanic Magazine in 2004 ranked the university ninth on its list of the top–25 colleges for Latinos, and The Journal of Blacks in Higher Education recognized the university in 2006 for raising enrollment of African-American students",Hispanic Magazine,ranked,the university
"The school has been previously criticized for its lack of diversity, and The Princeton Review ranks the university highly among schools at which ""Alternative Lifestyles [are] Not an Alternative."" It has also been commended by some diversity oriented publications; Hispanic Magazine in 2004 ranked the university ninth on its list of the top–25 colleges for Latinos, and The Journal of Blacks in Higher Education recognized the university in 2006 for raising enrollment of African-American students",the university,isRanked,ninth
"The school has been previously criticized for its lack of diversity, and The Princeton Review ranks the university highly among schools at which ""Alternative Lifestyles [are] Not an Alternative."" It has also been commended by some diversity oriented publications; Hispanic Magazine in 2004 ranked the university ninth on its list of the top–25 colleges for Latinos, and The Journal of Blacks in Higher Education recognized the university in 2006 for raising enrollment of African-American students",The Journal of Blacks in Higher Education,recognized,the university
"The school has been previously criticized for its lack of diversity, and The Princeton Review ranks the university highly among schools at which ""Alternative Lifestyles [are] Not an Alternative."" It has also been commended by some diversity oriented publications; Hispanic Magazine in 2004 ranked the university ninth on its list of the top–25 colleges for Latinos, and The Journal of Blacks in Higher Education recognized the university in 2006 for raising enrollment of African-American students",the university,raisedEnrollment,African-American students
"The school has been previously criticized for its lack of diversity, and The Princeton Review ranks the university highly among schools at which ""Alternative Lifestyles [are] Not an Alternative."" It has also been commended by some diversity oriented publications; Hispanic Magazine in 2004 ranked the university ninth on its list of the top–25 colleges for Latinos, and The Journal of Blacks in Higher Education recognized the university in 2006 for raising enrollment of African-American students",the school,hasLack,diversity
"With 6,000 participants, the university's intramural sports program was named in 2004 by Sports Illustrated as the best program in the country, while in 2007 The Princeton Review named it as the top school where ""Everyone Plays Intramural Sports."" The annual Bookstore Basketball tournament is the largest outdoor five-on-five tournament in the world with over 700 teams participating each year, while the Notre Dame Men's Boxing Club hosts the annual Bengal Bouts tournament that raises money for the Holy Cross Missions in Bangladesh.",university's intramural sports program,wasNamed,best program in the country
"With 6,000 participants, the university's intramural sports program was named in 2004 by Sports Illustrated as the best program in the country, while in 2007 The Princeton Review named it as the top school where ""Everyone Plays Intramural Sports."" The annual Bookstore Basketball tournament is the largest outdoor five-on-five tournament in the world with over 700 teams participating each year, while the Notre Dame Men's Boxing Club hosts the annual Bengal Bouts tournament that raises money for the Holy Cross Missions in Bangladesh.",university's intramural sports program,wasNamed,top school where Everyone Plays Intramural Sports
"With 6,000 participants, the university's intramural sports program was named in 2004 by Sports Illustrated as the best program in the country, while in 2007 The Princeton Review named it as the top school where ""Everyone Plays Intramural Sports."" The annual Bookstore Basketball tournament is the largest outdoor five-on-five tournament in the world with over 700 teams participating each year, while the Notre Dame Men's Boxing Club hosts the annual Bengal Bouts tournament that raises money for the Holy Cross Missions in Bangladesh.",Bookstore Basketball tournament,is,largest outdoor five-on-five tournament
"With 6,000 participants, the university's intramural sports program was named in 2004 by Sports Illustrated as the best program in the country, while in 2007 The Princeton Review named it as the top school where ""Everyone Plays Intramural Sports."" The annual Bookstore Basketball tournament is the largest outdoor five-on-five tournament in the world with over 700 teams participating each year, while the Notre Dame Men's Boxing Club hosts the annual Bengal Bouts tournament that raises money for the Holy Cross Missions in Bangladesh.",Notre Dame Men's Boxing Club,hosts,Bengal Bouts tournament
"With 6,000 participants, the university's intramural sports program was named in 2004 by Sports Illustrated as the best program in the country, while in 2007 The Princeton Review named it as the top school where ""Everyone Plays Intramural Sports."" The annual Bookstore Basketball tournament is the largest outdoor five-on-five tournament in the world with over 700 teams participating each year, while the Notre Dame Men's Boxing Club hosts the annual Bengal Bouts tournament that raises money for the Holy Cross Missions in Bangladesh.",Bengal Bouts tournament,raisesMoneyFor,Holy Cross Missions
"With 6,000 participants, the university's intramural sports program was named in 2004 by Sports Illustrated as the best program in the country, while in 2007 The Princeton Review named it as the top school where ""Everyone Plays Intramural Sports."" The annual Bookstore Basketball tournament is the largest outdoor five-on-five tournament in the world with over 700 teams participating each year, while the Notre Dame Men's Boxing Club hosts the annual Bengal Bouts tournament that raises money for the Holy Cross Missions in Bangladesh.",Holy Cross Missions,isLocatedIn,Bangladesh
About 80% of undergraduates and 20% of graduate students live on campus,undergraduates,liveIn,campus
About 80% of undergraduates and 20% of graduate students live on campus,graduate students,liveIn,campus
"The majority of the graduate students on campus live in one of four graduate housing complexes on campus, while all on-campus undergraduates live in one of the 29 residence halls",graduate students,liveIn,graduate housing complexes
"The majority of the graduate students on campus live in one of four graduate housing complexes on campus, while all on-campus undergraduates live in one of the 29 residence halls",on-campus undergraduates,liveIn,residence halls
"Because of the religious affiliation of the university, all residence halls are single-sex, with 15 male dorms and 14 female dorms",residence halls,are,single-sex
"Because of the religious affiliation of the university, all residence halls are single-sex, with 15 male dorms and 14 female dorms",university,has,residence halls
"Because of the religious affiliation of the university, all residence halls are single-sex, with 15 male dorms and 14 female dorms",male dorms,are,15
"Because of the religious affiliation of the university, all residence halls are single-sex, with 15 male dorms and 14 female dorms",female dorms,are,14
"The university maintains a visiting policy (known as parietal hours) for those students who live in dormitories, specifying times when members of the opposite sex are allowed to visit other students' dorm rooms; however, all residence halls have 24-hour social spaces for students regardless of gender",the university,maintains,visiting policy
"The university maintains a visiting policy (known as parietal hours) for those students who live in dormitories, specifying times when members of the opposite sex are allowed to visit other students' dorm rooms; however, all residence halls have 24-hour social spaces for students regardless of gender",visiting policy,isKnownAs,parietal hours
"The university maintains a visiting policy (known as parietal hours) for those students who live in dormitories, specifying times when members of the opposite sex are allowed to visit other students' dorm rooms; however, all residence halls have 24-hour social spaces for students regardless of gender",students,liveIn,dormitories
"The university maintains a visiting policy (known as parietal hours) for those students who live in dormitories, specifying times when members of the opposite sex are allowed to visit other students' dorm rooms; however, all residence halls have 24-hour social spaces for students regardless of gender",members of the opposite sex,areAllowedToVisit,students' dorm rooms
"The university maintains a visiting policy (known as parietal hours) for those students who live in dormitories, specifying times when members of the opposite sex are allowed to visit other students' dorm rooms; however, all residence halls have 24-hour social spaces for students regardless of gender",residence halls,have,24-hour social spaces
"The university maintains a visiting policy (known as parietal hours) for those students who live in dormitories, specifying times when members of the opposite sex are allowed to visit other students' dorm rooms; however, all residence halls have 24-hour social spaces for students regardless of gender",students,regardlessOf,gender
Many residence halls have at least one nun and/or priest as a resident,Many residence halls,have,nun
Many residence halls have at least one nun and/or priest as a resident,Many residence halls,have,priest
"There are no traditional social fraternities or sororities at the university, but a majority of students live in the same residence hall for all four years",university,hasCharacteristic,no traditional social fraternities or sororities
"There are no traditional social fraternities or sororities at the university, but a majority of students live in the same residence hall for all four years",students,liveIn,residence hall
"Some intramural sports are based on residence hall teams, where the university offers the only non-military academy program of full-contact intramural American football",university,offers,non-military academy program
"Some intramural sports are based on residence hall teams, where the university offers the only non-military academy program of full-contact intramural American football",non-military academy program,of,full-contact intramural American football
"Some intramural sports are based on residence hall teams, where the university offers the only non-military academy program of full-contact intramural American football",full-contact intramural American football,is,intramural sports
"Some intramural sports are based on residence hall teams, where the university offers the only non-military academy program of full-contact intramural American football",intramural sports,are based on,residence hall teams
"At the end of the intramural season, the championship game is played on the field in Notre Dame Stadium.",Notre Dame Stadium,hosts,championship game
"The university is affiliated with the Congregation of Holy Cross (Latin: Congregatio a Sancta Cruce, abbreviated postnominals: ""CSC"")",The university,isAffiliatedWith,Congregation of Holy Cross
"The university is affiliated with the Congregation of Holy Cross (Latin: Congregatio a Sancta Cruce, abbreviated postnominals: ""CSC"")",Congregation of Holy Cross,hasAbbreviation,CSC
"While religious affiliation is not a criterion for admission, more than 93% of students identify as Christian, with over 80% of the total being Catholic",students,identifyAs,Christian
"While religious affiliation is not a criterion for admission, more than 93% of students identify as Christian, with over 80% of the total being Catholic",students,identifyAs,Catholic
"Collectively, Catholic Mass is celebrated over 100 times per week on campus, and a large campus ministry program provides for the faith needs of the community",Catholic Mass,isCelebratedAt,campus
"Collectively, Catholic Mass is celebrated over 100 times per week on campus, and a large campus ministry program provides for the faith needs of the community",campus ministry program,providesFor,faith needs
"Collectively, Catholic Mass is celebrated over 100 times per week on campus, and a large campus ministry program provides for the faith needs of the community",campus ministry program,isPartOf,community
"There are multitudes of religious statues and artwork around campus, most prominent of which are the statue of Mary on the Main Building, the Notre Dame Grotto, and the Word of Life mural on Hesburgh Library depicting Christ as a teacher",Mary,isLocatedAt,Main Building
"There are multitudes of religious statues and artwork around campus, most prominent of which are the statue of Mary on the Main Building, the Notre Dame Grotto, and the Word of Life mural on Hesburgh Library depicting Christ as a teacher",Notre Dame Grotto,isLocatedAt,campus
"There are multitudes of religious statues and artwork around campus, most prominent of which are the statue of Mary on the Main Building, the Notre Dame Grotto, and the Word of Life mural on Hesburgh Library depicting Christ as a teacher",Word of Life mural,isLocatedAt,Hesburgh Library
"There are multitudes of religious statues and artwork around campus, most prominent of which are the statue of Mary on the Main Building, the Notre Dame Grotto, and the Word of Life mural on Hesburgh Library depicting Christ as a teacher",Word of Life mural,depicts,Christ
"There are multitudes of religious statues and artwork around campus, most prominent of which are the statue of Mary on the Main Building, the Notre Dame Grotto, and the Word of Life mural on Hesburgh Library depicting Christ as a teacher",Christ,is,teacher
"Additionally, every classroom displays a crucifix",classroom,has,crucifix
"There are many religious clubs (catholic and non-Catholic) at the school, including Council #1477 of the Knights of Columbus (KOC), Baptist Collegiate Ministry (BCM), Jewish Club, Muslim Student Association, Orthodox Christian Fellowship, The Mormon Club, and many more",Council #1477 of the Knights of Columbus,isAt,school
"There are many religious clubs (catholic and non-Catholic) at the school, including Council #1477 of the Knights of Columbus (KOC), Baptist Collegiate Ministry (BCM), Jewish Club, Muslim Student Association, Orthodox Christian Fellowship, The Mormon Club, and many more",Knights of Columbus,hasCouncil,Council #1477 of the Knights of Columbus
"There are many religious clubs (catholic and non-Catholic) at the school, including Council #1477 of the Knights of Columbus (KOC), Baptist Collegiate Ministry (BCM), Jewish Club, Muslim Student Association, Orthodox Christian Fellowship, The Mormon Club, and many more",Baptist Collegiate Ministry,isAt,school
"There are many religious clubs (catholic and non-Catholic) at the school, including Council #1477 of the Knights of Columbus (KOC), Baptist Collegiate Ministry (BCM), Jewish Club, Muslim Student Association, Orthodox Christian Fellowship, The Mormon Club, and many more",Jewish Club,isAt,school
"There are many religious clubs (catholic and non-Catholic) at the school, including Council #1477 of the Knights of Columbus (KOC), Baptist Collegiate Ministry (BCM), Jewish Club, Muslim Student Association, Orthodox Christian Fellowship, The Mormon Club, and many more",Muslim Student Association,isAt,school
"There are many religious clubs (catholic and non-Catholic) at the school, including Council #1477 of the Knights of Columbus (KOC), Baptist Collegiate Ministry (BCM), Jewish Club, Muslim Student Association, Orthodox Christian Fellowship, The Mormon Club, and many more",Orthodox Christian Fellowship,isAt,school
"There are many religious clubs (catholic and non-Catholic) at the school, including Council #1477 of the Knights of Columbus (KOC), Baptist Collegiate Ministry (BCM), Jewish Club, Muslim Student Association, Orthodox Christian Fellowship, The Mormon Club, and many more",The Mormon Club,isAt,school
"The Notre Dame KofC are known for being the first collegiate council of KofC, operating a charitable concession stand during every home football game and owning their own building on campus which can be used as a cigar lounge",Notre Dame KofC,is,first collegiate council of KofC
"The Notre Dame KofC are known for being the first collegiate council of KofC, operating a charitable concession stand during every home football game and owning their own building on campus which can be used as a cigar lounge",Notre Dame KofC,operates,charitable concession stand
"The Notre Dame KofC are known for being the first collegiate council of KofC, operating a charitable concession stand during every home football game and owning their own building on campus which can be used as a cigar lounge",Notre Dame KofC,owns,building on campus
"The Notre Dame KofC are known for being the first collegiate council of KofC, operating a charitable concession stand during every home football game and owning their own building on campus which can be used as a cigar lounge",building on campus,can be used as,cigar lounge
Fifty-seven chapels are located throughout the campus.,chapels,located,campus
"This Main Building, and the library collection, was entirely destroyed by a fire in April 1879, and the school closed immediately and students were sent home",This Main Building,wasDestroyedBy,fire
"This Main Building, and the library collection, was entirely destroyed by a fire in April 1879, and the school closed immediately and students were sent home",This Main Building,wasPartOf,school
"This Main Building, and the library collection, was entirely destroyed by a fire in April 1879, and the school closed immediately and students were sent home",library collection,wasDestroyedBy,fire
"This Main Building, and the library collection, was entirely destroyed by a fire in April 1879, and the school closed immediately and students were sent home",school,had,students
"The university founder, Fr",The university founder,founded,The university
"The university founder, Fr",Fr,isTitleOf,The university founder
"Sorin and the president at the time, the Rev",Sorin,isWith,the president
"Sorin and the president at the time, the Rev",the president,hasTitle,Rev
"William Corby, immediately planned for the rebuilding of the structure that had housed virtually the entire University",William Corby,plannedFor,University
"William Corby, immediately planned for the rebuilding of the structure that had housed virtually the entire University",William Corby,plannedFor,rebuilding of the structure
Construction was started on the 17th of May and by the incredible zeal of administrator and workers the building was completed before the fall semester of 1879,construction,startedOn,17th of May
Construction was started on the 17th of May and by the incredible zeal of administrator and workers the building was completed before the fall semester of 1879,administrator,contributedTo,construction
Construction was started on the 17th of May and by the incredible zeal of administrator and workers the building was completed before the fall semester of 1879,workers,contributedTo,construction
Construction was started on the 17th of May and by the incredible zeal of administrator and workers the building was completed before the fall semester of 1879,construction,completedBefore,fall semester of 1879
The library collection was also rebuilt and stayed housed in the new Main Building for years afterwards,The library collection,wasRebuilt,the new Main Building
The library collection was also rebuilt and stayed housed in the new Main Building for years afterwards,the new Main Building,housed,The library collection
"Around the time of the fire, a music hall was opened",music hall,wasOpened,time of the fire
"Eventually becoming known as Washington Hall, it hosted plays and musical acts put on by the school",Washington Hall,knownAs,Washington Hall
"Eventually becoming known as Washington Hall, it hosted plays and musical acts put on by the school",school,hosts,plays
"Eventually becoming known as Washington Hall, it hosted plays and musical acts put on by the school",school,hosts,musical acts
"By 1880, a science program was established at the university, and a Science Hall (today LaFortune Student Center) was built in 1883",university,hasEstablished,science program
"By 1880, a science program was established at the university, and a Science Hall (today LaFortune Student Center) was built in 1883",Science Hall,wasBuilt,1883
"By 1880, a science program was established at the university, and a Science Hall (today LaFortune Student Center) was built in 1883",LaFortune Student Center,isFormerlyKnownAs,Science Hall
The hall housed multiple classrooms and science labs needed for early research at the university.,the hall,houses,classrooms
The hall housed multiple classrooms and science labs needed for early research at the university.,the hall,houses,science labs
The hall housed multiple classrooms and science labs needed for early research at the university.,science labs,areUsedFor,early research
The hall housed multiple classrooms and science labs needed for early research at the university.,early research,isConductedAt,the university
"In 1919 Father James Burns became president of Notre Dame, and in three years he produced an academic revolution that brought the school up to national standards by adopting the elective system and moving away from the university's traditional scholastic and classical emphasis",Father James Burns,becamePresidentOf,Notre Dame
"In 1919 Father James Burns became president of Notre Dame, and in three years he produced an academic revolution that brought the school up to national standards by adopting the elective system and moving away from the university's traditional scholastic and classical emphasis",Notre Dame,adopted,elective system
"In 1919 Father James Burns became president of Notre Dame, and in three years he produced an academic revolution that brought the school up to national standards by adopting the elective system and moving away from the university's traditional scholastic and classical emphasis",Notre Dame,movedAwayFrom,traditional scholastic and classical emphasis
"By contrast, the Jesuit colleges, bastions of academic conservatism, were reluctant to move to a system of electives",Jesuit colleges,wereReluctantTo,system of electives
Their graduates were shut out of Harvard Law School for that reason,Harvard Law School,hasAdmissionPolicy,graduates
"Notre Dame continued to grow over the years, adding more colleges, programs, and sports teams",Notre Dame,added,colleges
"Notre Dame continued to grow over the years, adding more colleges, programs, and sports teams",Notre Dame,added,programs
"Notre Dame continued to grow over the years, adding more colleges, programs, and sports teams",Notre Dame,added,sports teams
"By 1921, with the addition of the College of Commerce, Notre Dame had grown from a small college to a university with five colleges and a professional law school",Notre Dame,hasCollege,College of Commerce
"By 1921, with the addition of the College of Commerce, Notre Dame had grown from a small college to a university with five colleges and a professional law school",Notre Dame,hasLawSchool,professional law school
The university continued to expand and add new residence halls and buildings with each subsequent president.,university,expanded,residence halls
The university continued to expand and add new residence halls and buildings with each subsequent president.,university,expanded,buildings
The university continued to expand and add new residence halls and buildings with each subsequent president.,president,served,university
"One of the main driving forces in the growth of the University was its football team, the Notre Dame Fighting Irish",University,hasTeam,Notre Dame Fighting Irish
Knute Rockne became head coach in 1918,Knute Rockne,became,head coach
Knute Rockne became head coach in 1918,Knute Rockne,startedIn,1918
"Under Rockne, the Irish would post a record of 105 wins, 12 losses, and five ties",Rockne,coaches,the Irish
"During his 13 years the Irish won three national championships, had five undefeated seasons, won the Rose Bowl in 1925, and produced players such as George Gipp and the ""Four Horsemen""",Irish,won,national championships
"During his 13 years the Irish won three national championships, had five undefeated seasons, won the Rose Bowl in 1925, and produced players such as George Gipp and the ""Four Horsemen""",Irish,had,undefeated seasons
"During his 13 years the Irish won three national championships, had five undefeated seasons, won the Rose Bowl in 1925, and produced players such as George Gipp and the ""Four Horsemen""",Irish,won,Rose Bowl
"During his 13 years the Irish won three national championships, had five undefeated seasons, won the Rose Bowl in 1925, and produced players such as George Gipp and the ""Four Horsemen""",Irish,produced,George Gipp
"During his 13 years the Irish won three national championships, had five undefeated seasons, won the Rose Bowl in 1925, and produced players such as George Gipp and the ""Four Horsemen""",Irish,produced,Four Horsemen
Knute Rockne has the highest winning percentage (.881) in NCAA Division I/FBS football history,Knute Rockne,hasAchievement,highest winning percentage
Knute Rockne has the highest winning percentage (.881) in NCAA Division I/FBS football history,Knute Rockne,coachesIn,NCAA Division I/FBS football
Rockne's offenses employed the Notre Dame Box and his defenses ran a 7–2–2 scheme,Rockne,employed,Notre Dame Box
Rockne's offenses employed the Notre Dame Box and his defenses ran a 7–2–2 scheme,Rockne,ran,7–2–2 scheme
"The last game Rockne coached was on December 14, 1930 when he led a group of Notre Dame all-stars against the New York Giants in New York City.",Rockne,coached,Notre Dame all-stars
"The last game Rockne coached was on December 14, 1930 when he led a group of Notre Dame all-stars against the New York Giants in New York City.",Rockne,coachedAgainst,New York Giants
"The last game Rockne coached was on December 14, 1930 when he led a group of Notre Dame all-stars against the New York Giants in New York City.",Notre Dame all-stars,playedAgainst,New York Giants
"The last game Rockne coached was on December 14, 1930 when he led a group of Notre Dame all-stars against the New York Giants in New York City.",Notre Dame all-stars,locatedIn,New York City
